<?xml version="1.0" encoding="utf-8" standalone="yes"?><rss version="2.0" xmlns:atom="http://www.w3.org/2005/Atom"><channel><title>Resep on Cemilan Bunda</title><link>https://cemilanbunda.com/post/</link><description>Recent content in Resep on Cemilan Bunda</description><generator>Hugo -- gohugo.io</generator><lastBuildDate>Mon, 01 Feb 2021 14:25:03 +0000</lastBuildDate><atom:link href="https://cemilanbunda.com/post/index.xml" rel="self" type="application/rss+xml"/><item><title>Resep Brownies Shiny Ala Rumahan</title><link>https://cemilanbunda.com/post/91-resep-brownies-shiny/</link><pubDate>Mon, 01 Feb 2021 14:25:03 +0000</pubDate><guid>https://cemilanbunda.com/post/91-resep-brownies-shiny/</guid><description>Cara Membuat Brownies Shiny</description></item><item><title>Resep Brownies Cheesecake Ekonomis tanpa oven, tanpa mixer Ala Rumahan</title><link>https://cemilanbunda.com/post/67-resep-brownies-cheesecake-ekonomis-tanpa-oven-tanpa-mixer/</link><pubDate>Sun, 31 Jan 2021 08:06:18 +0000</pubDate><guid>https://cemilanbunda.com/post/67-resep-brownies-cheesecake-ekonomis-tanpa-oven-tanpa-mixer/</guid><description>Cara Membuat Brownies Cheesecake Ekonomis tanpa oven, tanpa mixer</description></item><item><title>Resep Brownies kukus lapis oreo Ala Rumahan</title><link>https://cemilanbunda.com/post/69-masakan-brownies-kukus-lapis-oreo/</link><pubDate>Mon, 11 Jan 2021 15:10:07 +0000</pubDate><guid>https://cemilanbunda.com/post/69-masakan-brownies-kukus-lapis-oreo/</guid><description>Cara Membuat Brownies kukus lapis oreo</description></item><item><title>Resep Brownis kukus rumahan tanpa mixer Ala Rumahan</title><link>https://cemilanbunda.com/post/92-resep-brownis-kukus-rumahan-tanpa-mixer/</link><pubDate>Mon, 07 Dec 2020 16:39:19 +0000</pubDate><guid>https://cemilanbunda.com/post/92-resep-brownis-kukus-rumahan-tanpa-mixer/</guid><description>Cara Membuat Brownis kukus rumahan tanpa mixer</description></item><item><title>Resep Brownies Panggang Oreo Ala Rumahan</title><link>https://cemilanbunda.com/post/66-resep-brownies-panggang-oreo/</link><pubDate>Mon, 23 Nov 2020 07:43:12 +0000</pubDate><guid>https://cemilanbunda.com/post/66-resep-brownies-panggang-oreo/</guid><description>Cara Membuat Brownies Panggang Oreo</description></item><item><title>Resep 🥮Cake Coklat Simple🥮 Ala Rumahan</title><link>https://cemilanbunda.com/post/70-resep-cake-coklat-simple/</link><pubDate>Sun, 01 Nov 2020 04:52:29 +0000</pubDate><guid>https://cemilanbunda.com/post/70-resep-cake-coklat-simple/</guid><description>Cara Membuat 🥮Cake Coklat Simple🥮</description></item><item><title>Resep Brownies Takaran Sendok Ala Rumahan</title><link>https://cemilanbunda.com/post/90-resep-brownies-takaran-sendok/</link><pubDate>Sun, 26 Jul 2020 19:35:30 +0000</pubDate><guid>https://cemilanbunda.com/post/90-resep-brownies-takaran-sendok/</guid><description>Cara Membuat Brownies Takaran Sendok</description></item><item><title>Resep 37. Brownies Kukus Ala Rumahan</title><link>https://cemilanbunda.com/post/89-masakan-37-brownies-kukus/</link><pubDate>Tue, 21 Jul 2020 11:57:03 +0000</pubDate><guid>https://cemilanbunda.com/post/89-masakan-37-brownies-kukus/</guid><description>Cara Membuat 37. Brownies Kukus</description></item><item><title>Resep Brownies Ala Rumahan</title><link>https://cemilanbunda.com/post/68-masakan-brownies/</link><pubDate>Wed, 15 Jul 2020 16:13:04 +0000</pubDate><guid>https://cemilanbunda.com/post/68-masakan-brownies/</guid><description>Cara Membuat Brownies</description></item><item><title>Resep Choco cookies oatmeal (for diet) Ala Rumahan</title><link>https://cemilanbunda.com/post/71-resep-choco-cookies-oatmeal-for-diet/</link><pubDate>Sat, 11 Jul 2020 10:25:58 +0000</pubDate><guid>https://cemilanbunda.com/post/71-resep-choco-cookies-oatmeal-for-diet/</guid><description>Cara Membuat Choco cookies oatmeal (for diet)</description></item></channel></rss>