<?xml version="1.0" encoding="utf-8" standalone="yes"?><rss version="2.0" xmlns:atom="http://www.w3.org/2005/Atom"><channel><title>Tags on Cemilan Bunda</title><link>https://cemilanbunda.com/tags/</link><description>Recent content in Tags on Cemilan Bunda</description><generator>Hugo -- gohugo.io</generator><lastBuildDate>Mon, 01 Feb 2021 14:25:03 +0000</lastBuildDate><atom:link href="https://cemilanbunda.com/tags/index.xml" rel="self" type="application/rss+xml"/><item><title>kue</title><link>https://cemilanbunda.com/tags/kue/</link><pubDate>Mon, 01 Feb 2021 14:25:03 +0000</pubDate><guid>https://cemilanbunda.com/tags/kue/</guid><description/></item><item><title>makanan penutup</title><link>https://cemilanbunda.com/tags/makanan-penutup/</link><pubDate>Mon, 01 Feb 2021 14:25:03 +0000</pubDate><guid>https://cemilanbunda.com/tags/makanan-penutup/</guid><description/></item></channel></rss>