<?xml version="1.0" encoding="utf-8" standalone="yes"?><rss version="2.0" xmlns:atom="http://www.w3.org/2005/Atom"><channel><title>Pages on Cemilan Bunda</title><link>https://cemilanbunda.com/page/</link><description>Recent content in Pages on Cemilan Bunda</description><generator>Hugo -- gohugo.io</generator><lastBuildDate>Wed, 29 Jul 2020 19:25:12 +0000</lastBuildDate><atom:link href="https://cemilanbunda.com/page/index.xml" rel="self" type="application/rss+xml"/><item><title>Contact</title><link>https://cemilanbunda.com/contact/</link><pubDate>Wed, 29 Jul 2020 19:25:12 +0000</pubDate><guid>https://cemilanbunda.com/contact/</guid><description>Contact Us</description></item><item><title>Copyright</title><link>https://cemilanbunda.com/copyright/</link><pubDate>Wed, 29 Jul 2020 19:25:12 +0000</pubDate><guid>https://cemilanbunda.com/copyright/</guid><description>Copyright</description></item><item><title>DMCA</title><link>https://cemilanbunda.com/dmca/</link><pubDate>Wed, 29 Jul 2020 19:25:12 +0000</pubDate><guid>https://cemilanbunda.com/dmca/</guid><description>DMCA</description></item><item><title>Privacy Police</title><link>https://cemilanbunda.com/privacy-police/</link><pubDate>Wed, 29 Jul 2020 19:25:12 +0000</pubDate><guid>https://cemilanbunda.com/privacy-police/</guid><description>Privacy Police</description></item></channel></rss>